{"cameraMode":{"drawMode":0,"name":"Shaded","section":"Shading Mode"},"sceneLighting":true,"audioPlay":false,"sceneViewState":{"m_AlwaysRefresh":false,"showFog":true,"showSkybox":true,"showFlares":true,"showImageEffects":true,"showParticleSystems":true,"showVisualEffectGraphs":true,"m_FxEnabled":true},"in2DMode":false,"pivot":{"x":10.057668685913086,"y":3.0727124214172365,"z":-17.784862518310548},"rotation":{"x":-0.0030775300692766906,"y":-0.9960209727287293,"z":0.03786662220954895,"w":-0.08095714449882508},"size":24.439056396484376,"orthographic":false}