{"cameraMode":{"drawMode":0,"name":"Shaded","section":"Shading Mode"},"sceneLighting":true,"audioPlay":false,"sceneViewState":{"m_AlwaysRefresh":false,"showFog":true,"showSkybox":true,"showFlares":true,"showImageEffects":true,"showParticleSystems":true,"showVisualEffectGraphs":true,"m_FxEnabled":true},"in2DMode":false,"pivot":{"x":-34.07021713256836,"y":-40.59496307373047,"z":49.02189636230469},"rotation":{"x":0.034965746104717258,"y":0.03936433047056198,"z":-0.001378225744701922,"w":0.9986144304275513},"size":4.097439289093018,"orthographic":false}