{"cameraMode":{"drawMode":0,"name":"Shaded","section":"Shading Mode"},"sceneLighting":true,"audioPlay":false,"sceneViewState":{"m_AlwaysRefresh":false,"showFog":true,"showSkybox":true,"showFlares":true,"showImageEffects":true,"showParticleSystems":true,"showVisualEffectGraphs":true,"m_FxEnabled":true},"in2DMode":false,"pivot":{"x":1.9919103384017945,"y":5.856308937072754,"z":7.420557022094727},"rotation":{"x":0.8410950899124146,"y":0.005948795937001705,"z":-0.009252429008483887,"w":0.5407761931419373},"size":19.7008113861084,"orthographic":false}