{"cameraMode":{"drawMode":0,"name":"Shaded","section":"Shading Mode"},"sceneLighting":false,"audioPlay":false,"sceneViewState":{"m_AlwaysRefresh":false,"showFog":true,"showSkybox":false,"showFlares":true,"showImageEffects":true,"showParticleSystems":true,"showVisualEffectGraphs":true,"m_FxEnabled":true},"in2DMode":false,"pivot":{"x":-0.5099999904632568,"y":0.7899999618530273,"z":-1.1920928955078126e-7},"rotation":{"x":0.10912052541971207,"y":0.7470422983169556,"z":-0.12669743597507478,"w":0.6434046626091003},"size":2.1152305603027345,"orthographic":true}