{"cameraMode":{"drawMode":0,"name":"Shaded","section":"Shading Mode"},"sceneLighting":false,"audioPlay":false,"sceneViewState":{"m_AlwaysRefresh":false,"showFog":true,"showSkybox":false,"showFlares":true,"showImageEffects":true,"showParticleSystems":true,"showVisualEffectGraphs":true,"m_FxEnabled":true},"in2DMode":false,"pivot":{"x":-0.7329682111740112,"y":1.455496072769165,"z":0.5140558481216431},"rotation":{"x":0.12250488996505737,"y":-0.6197309494018555,"z":0.09874020516872406,"w":0.7688822746276856},"size":1.2247449159622193,"orthographic":false}