{"cameraMode":{"drawMode":0,"name":"Shaded","section":"Shading Mode"},"sceneLighting":false,"audioPlay":false,"sceneViewState":{"m_AlwaysRefresh":false,"showFog":true,"showSkybox":false,"showFlares":true,"showImageEffects":true,"showParticleSystems":true,"showVisualEffectGraphs":true,"m_FxEnabled":true},"in2DMode":false,"pivot":{"x":-1.0199999809265137,"y":1.5799999237060547,"z":-1.1920928955078126e-7},"rotation":{"x":0.10897594690322876,"y":-0.869805097579956,"z":0.42704087495803835,"w":0.22189682722091676},"size":1.2247449159622193,"orthographic":true}